﻿<?xml version="1.0" encoding="utf-8" ?>
<Advertisements xmlns="http://schemas.microsoft.com/AspNet/AdRotator-Schedule-File">
  <Ad>
    <ImageUrl>~/images/google.jpg</ImageUrl>
    <NavigateUrl>http://google.com</NavigateUrl>
    <AlternateText>Google</AlternateText>
    <Impressions>3</Impressions>
  </Ad>
  <Ad>
    <ImageUrl>~/images/yahoo.jpg</ImageUrl>
    <NavigateUrl>http://yahoo.com</NavigateUrl>
    <AlternateText>Yahoo</AlternateText>
    <Impressions>1</Impressions>
  </Ad>
<Ad>
    <ImageUrl>~/images/ms.jpg</ImageUrl>
    <NavigateUrl>http://microsoft.com</NavigateUrl>
    <AlternateText>MS</AlternateText>
    <Impressions>1</Impressions>
  </Ad>
</Advertisements>
